uniq_ID,sensorID,sensor_type,planting_year,experiment_name,treatment,location,plot_no,temp_exp_no,temp_trt_no,temp_rep_no,row_configuration,planting_date_doy,variety,nation,climate_file_name,irrigation_type,lint_yield_kg_per_ha,fibre_length_mm,micronaire,fibre_strength_g-tex,first_flower_doy,maturity_time_das_60%,irrigation_date_1,irrigation_date_2,irrigation_date_3,irrigation_date_4,irrigation_date_5,irrigation_date_6,irrigation_date_7,irrigation_date_8,irrigation_date_9,irrigation_date_10,irrigation_date_11,irrigation_date_12,RawData file,WeatherDataFile,Experiment Name Long,Sensor Unique Identifier,Comment
2015_ACRI_22,22,ARDUcrop,2015,CO2Chambers,,ACRI,4,,,,Solid,329,Sicot 74BRF,Australia,,Furrow,,,,,,,15/01/2016,12/02/2016,26/02/2016,11/03/2016,24/03/2016,,,,,,,,\\Definative_cT_Raw\2015\ACRI\2015_CO2Chambers,\\Definative_cT_Raw\Weather_by_Locality\ACRI_Hourly2001_2017.xlsx,CO2Chambers,waterwise.ACRI.2015.CO2Chambers22,
2015_ACRI_101,101,ARDUcrop,2015,CO2Chambers,,ACRI,1,,,,Solid,329,Sicot 74BRF,Australia,,Furrow,,,,,,,15/01/2016,12/02/2016,26/02/2016,11/03/2016,24/03/2016,,,,,,,,\\Definative_cT_Raw\2015\ACRI\2015_CO2Chambers,\\Definative_cT_Raw\Weather_by_Locality\ACRI_Hourly2001_2017.xlsx,CO2Chambers,waterwise.ACRI.2015.CO2Chambers101,
2015_ACRI_106,106,ARDUcrop,2015,CO2Chambers,,ACRI,2,,,,Solid,329,Sicot 74BRF,Australia,,Furrow,,,,,,,15/01/2016,12/02/2016,26/02/2016,11/03/2016,24/03/2016,,,,,,,,\\Definative_cT_Raw\2015\ACRI\2015_CO2Chambers,\\Definative_cT_Raw\Weather_by_Locality\ACRI_Hourly2001_2017.xlsx,CO2Chambers,waterwise.ACRI.2015.CO2Chambers106,
2015_ACRI_111,111,ARDUcrop,2015,CO2Chambers,,ACRI,3,,,,Solid,329,Sicot 74BRF,Australia,,Furrow,,,,,,,15/01/2016,12/02/2016,26/02/2016,11/03/2016,24/03/2016,,,,,,,,\\Definative_cT_Raw\2015\ACRI\2015_CO2Chambers,\\Definative_cT_Raw\Weather_by_Locality\ACRI_Hourly2001_2017.xlsx,CO2Chambers,waterwise.ACRI.2015.CO2Chambers111,
2015_ACRI_140,140,ARDUcrop,2015,CO2Chambers,,ACRI,5,,,,Solid,329,Sicot 74BRF,Australia,,Furrow,,,,,,,15/01/2016,12/02/2016,26/02/2016,11/03/2016,24/03/2016,,,,,,,,\\Definative_cT_Raw\2015\ACRI\2015_CO2Chambers,\\Definative_cT_Raw\Weather_by_Locality\ACRI_Hourly2001_2017.xlsx,CO2Chambers,waterwise.ACRI.2015.CO2Chambers140,
2015_ACRI_147,147,ARDUcrop,2015,CO2Chambers,,ACRI,6,,,,Solid,329,Sicot 74BRF,Australia,,Furrow,,,,,,,15/01/2016,12/02/2016,26/02/2016,11/03/2016,24/03/2016,,,,,,,,\\Definative_cT_Raw\2015\ACRI\2015_CO2Chambers,\\Definative_cT_Raw\Weather_by_Locality\ACRI_Hourly2001_2017.xlsx,CO2Chambers,waterwise.ACRI.2015.CO2Chambers147,
2015_ACRI_2005,2005,ARDUcrop,2015,DrylandResilience,Control,ACRI,5,,,,Double,289,74BRF,Australia,,Dryland,1187.4325,27.483,4.7,24.6,*,,16/10/2015,3/12/2015,,,,,,,,,,,\\Definative_cT_Raw\2015\ACRI\2015_DrylandResilience,\\Definative_cT_Raw\Weather_by_Locality\ACRI_Hourly2001_2017.xlsx,DrylandResilience,waterwise.ACRI.2015.DrylandResilience2005,
2015_ACRI_2006,2006,ARDUcrop,2015,DrylandResilience,Avg,ACRI,9,,,,Double,289,74BRF,Australia,,Dryland,1248.585,28.499,4.7,25.2,*,,16/10/2015,3/12/2015,,,,,,,,,,,\\Definative_cT_Raw\2015\ACRI\2015_DrylandResilience,\\Definative_cT_Raw\Weather_by_Locality\ACRI_Hourly2001_2017.xlsx,DrylandResilience,waterwise.ACRI.2015.DrylandResilience2006,
2015_ACRI_2007,2007,ARDUcrop,2015,DrylandResilience,Avg,ACRI,17,,,,Double,289,74BRF,Australia,,Dryland,943.068,29.159,4.1,26.4,*,,16/10/2015,3/12/2015,,,,,,,,,,,\\Definative_cT_Raw\2015\ACRI\2015_DrylandResilience,\\Definative_cT_Raw\Weather_by_Locality\ACRI_Hourly2001_2017.xlsx,DrylandResilience,waterwise.ACRI.2015.DrylandResilience2007,
2015_ACRI_2008,2008,ARDUcrop,2015,DrylandResilience,Control,ACRI,21,,,,Double,289,74BRF,Australia,,Dryland,957.1465,29.921,4.2,26.3,*,,16/10/2015,3/12/2015,,,,,,,,,,,\\Definative_cT_Raw\2015\ACRI\2015_DrylandResilience,\\Definative_cT_Raw\Weather_by_Locality\ACRI_Hourly2001_2017.xlsx,DrylandResilience,waterwise.ACRI.2015.DrylandResilience2008,
2015_ACRI_2001,2001,ARDUcrop,2015,DrylandResiliencePartIrrigated,Avg,ACRI,5,,,,Double,289,74BRF,Australia,,1 irrigation at Flowering,873.585,29.413,4.1,26.2,*,,16/10/2015,3/12/2015,13/01/2016,,,,,,,,,,\\Definative_cT_Raw\2015\ACRI\2015_DrylandResiliencePartIrrigated,\\Definative_cT_Raw\Weather_by_Locality\ACRI_Hourly2001_2017.xlsx,DrylandResiliencePartIrrigated,waterwise.ACRI.2015.DrylandResiliencePartIrrigated2001,
2015_ACRI_2002,2002,ARDUcrop,2015,DrylandResiliencePartIrrigated,Avg,ACRI,7,,,,Double,289,74BRF,Australia,,1 irrigation at Flowering,1177.527,30.099,4.0,26.4,*,,16/10/2015,3/12/2015,13/01/2016,,,,,,,,,,\\Definative_cT_Raw\2015\ACRI\2015_DrylandResiliencePartIrrigated,\\Definative_cT_Raw\Weather_by_Locality\ACRI_Hourly2001_2017.xlsx,DrylandResiliencePartIrrigated,waterwise.ACRI.2015.DrylandResiliencePartIrrigated2002,
2015_ACRI_2003,2003,ARDUcrop,2015,DrylandResiliencePartIrrigated,Control,ACRI,19,,,,Double,289,74BRF,Australia,,1 irrigation at Flowering,1109.0625,29.108,4.3,25.7,*,,16/10/2015,3/12/2015,13/01/2016,,,,,,,,,,\\Definative_cT_Raw\2015\ACRI\2015_DrylandResiliencePartIrrigated,\\Definative_cT_Raw\Weather_by_Locality\ACRI_Hourly2001_2017.xlsx,DrylandResiliencePartIrrigated,waterwise.ACRI.2015.DrylandResiliencePartIrrigated2003,
2015_ACRI_2004,2004,ARDUcrop,2015,DrylandResiliencePartIrrigated,Control,ACRI,28,,,,Double,289,74BRF,Australia,,1 irrigation at Flowering,1093.469,27.965,4.6,25.0,*,,16/10/2015,3/12/2015,13/01/2016,,,,,,,,,,\\Definative_cT_Raw\2015\ACRI\2015_DrylandResiliencePartIrrigated,\\Definative_cT_Raw\Weather_by_Locality\ACRI_Hourly2001_2017.xlsx,DrylandResiliencePartIrrigated,waterwise.ACRI.2015.DrylandResiliencePartIrrigated2004,
2015_ACRI_1313,1313,ARDUcrop,2015,FirstIrrigation,Control,ACRI,1,,,,Solid,287,Sicot 74BRF,Australia,,Furrow,3429.9,30.07,4.69,28.46,360,,16/10/2015,1/12/2015,21/12/2015,14/01/2016,25/01/2016,17/02/2016,26/02/2016,7/03/2016,,,,,\\fsnsw1-mv\COTPHYS\AusBIOTIC database\Definative_cT_Raw\2015\ACRI\2015_FirstIrrigation,\\Definative_cT_Raw\2015\ACRI\ACRI_2015_16_HourlyWeather.xlsx,FirstIrrigation,waterwise.ACRI.2015.FirstIrrigation1313,
2015_ACRI_1314,1314,ARDUcrop,2015,FirstIrrigation,EarlyFirst,ACRI,2,,,,Solid,287,Sicot 74BRF,Australia,,Furrow,2825.4,29.25,4.80,26.72,360,,7/10/2015,1/12/2015,21/12/2015,14/01/2016,25/01/2016,17/02/2016,26/02/2016,7/03/2016,,,,,\\fsnsw1-mv\COTPHYS\AusBIOTIC database\Definative_cT_Raw\2015\ACRI\2015_FirstIrrigation,\\Definative_cT_Raw\2015\ACRI\ACRI_2015_16_HourlyWeather.xlsx,FirstIrrigation,waterwise.ACRI.2015.FirstIrrigation1314,
2015_ACRI_1315,1315,ARDUcrop,2015,FirstIrrigation,Control,ACRI,3,,,,Solid,287,Sicot 74BRF,Australia,,Furrow,2768.6,30.19,4.52,28.30,360,,16/10/2015,1/12/2015,21/12/2015,14/01/2016,25/01/2016,17/02/2016,26/02/2016,7/03/2016,,,,,\\fsnsw1-mv\COTPHYS\AusBIOTIC database\Definative_cT_Raw\2015\ACRI\2015_FirstIrrigation,\\Definative_cT_Raw\2015\ACRI\ACRI_2015_16_HourlyWeather.xlsx,FirstIrrigation,waterwise.ACRI.2015.FirstIrrigation1315,
2015_ACRI_1316,1316,ARDUcrop,2015,FirstIrrigation,EarlyFirst,ACRI,4,,,,Solid,287,Sicot 74BRF,Australia,,Furrow,2864.3,29.86,4.71,27.92,360,,7/10/2015,1/12/2015,21/12/2015,14/01/2016,25/01/2016,17/02/2016,26/02/2016,7/03/2016,,,,,\\fsnsw1-mv\COTPHYS\AusBIOTIC database\Definative_cT_Raw\2015\ACRI\2015_FirstIrrigation,\\Definative_cT_Raw\2015\ACRI\ACRI_2015_16_HourlyWeather.xlsx,FirstIrrigation,waterwise.ACRI.2015.FirstIrrigation1316,
2015_ACRI_1317,1317,ARDUcrop,2015,FirstIrrigation,EarlyFirst,ACRI,5,,,,Solid,287,Sicot 74BRF,Australia,,Furrow,2634.3,29.89,4.84,28.34,360,,7/10/2015,1/12/2015,21/12/2015,14/01/2016,25/01/2016,17/02/2016,26/02/2016,7/03/2016,,,,,\\fsnsw1-mv\COTPHYS\AusBIOTIC database\Definative_cT_Raw\2015\ACRI\2015_FirstIrrigation,\\Definative_cT_Raw\2015\ACRI\ACRI_2015_16_HourlyWeather.xlsx,FirstIrrigation,waterwise.ACRI.2015.FirstIrrigation1317,
2015_ACRI_1318,1318,ARDUcrop,2015,FirstIrrigation,Control,ACRI,6,,,,Solid,287,Sicot 74BRF,Australia,,Furrow,3081.2,29.63,4.62,27.04,360,,16/10/2015,1/12/2015,21/12/2015,14/01/2016,25/01/2016,17/02/2016,26/02/2016,7/03/2016,,,,,\\fsnsw1-mv\COTPHYS\AusBIOTIC database\Definative_cT_Raw\2015\ACRI\2015_FirstIrrigation,\\Definative_cT_Raw\2015\ACRI\ACRI_2015_16_HourlyWeather.xlsx,FirstIrrigation,waterwise.ACRI.2015.FirstIrrigation1318,
2015_ACRI_2029,2029,ARDUcrop,2015,HormoneTiming,Water stressed,ACRI,18,,,,Solid,289,74BRF,Australia,,Missed 3 Irrigations,3179.688,1.220,4.6,29.3,*,,16/10/2015,3/12/2015,22/12/2015,1/03/2016,11/03/2016,,,,,,,,\\Definative_cT_Raw\2015\ACRI\2015_HormoneTiming,\\Definative_cT_Raw\Weather_by_Locality\ACRI_Hourly2001_2017.xlsx,HormoneTiming,waterwise.ACRI.2015.HormoneTiming2029,
2015_ACRI_2030,2030,ARDUcrop,2015,HormoneTiming,Control,ACRI,22,,,,Solid,289,74BRF,Australia,,Fully Irrigated,2069.25,1.167,4.8,30.0,*,,16/10/2015,3/12/2015,22/12/2015,13/01/2016,27/01/2016,16/02/2016,1/03/2016,11/03/2016,,,,,\\Definative_cT_Raw\2015\ACRI\2015_HormoneTiming,\\Definative_cT_Raw\Weather_by_Locality\ACRI_Hourly2001_2017.xlsx,HormoneTiming,waterwise.ACRI.2015.HormoneTiming2030,
2015_ACRI_2031,2031,ARDUcrop,2015,HormoneTiming,Control,ACRI,34,,,,Solid,289,74BRF,Australia,,Fully Irrigated,2999.898,1.209,4.6,28.8,*,,16/10/2015,3/12/2015,22/12/2015,13/01/2016,27/01/2016,16/02/2016,1/03/2016,11/03/2016,,,,,\\Definative_cT_Raw\2015\ACRI\2015_HormoneTiming,\\Definative_cT_Raw\Weather_by_Locality\ACRI_Hourly2001_2017.xlsx,HormoneTiming,waterwise.ACRI.2015.HormoneTiming2031,
2015_ACRI_2032,2032,ARDUcrop,2015,HormoneTiming,Water stressed,ACRI,37,,,,Solid,289,74BRF,Australia,,Missed 3 Irrigations,2112.325,1.122,4.3,28.5,*,,16/10/2015,3/12/2015,22/12/2015,1/03/2016,11/03/2016,,,,,,,,\\Definative_cT_Raw\2015\ACRI\2015_HormoneTiming,\\Definative_cT_Raw\Weather_by_Locality\ACRI_Hourly2001_2017.xlsx,HormoneTiming,waterwise.ACRI.2015.HormoneTiming2032,
2015_ACRI_1101,1101,ARDUcrop,2015,LimitedWater,6,ACRI,33,,,,SingleSkip,287,Sicot 74BRF,Australia,,Furrow,1393.4,28.73,4.22,28.90,364,,3/12/2015,1/03/2016,,,,,,,,,,,\\fsnsw1-mv\COTPHYS\AusBIOTIC database\Definative_cT_Raw\2015\ACRI\2015_LimitedWater,\\Definative_cT_Raw\2015\ACRI\ACRI_2015_16_HourlyWeather.xlsx,LimitedWater,waterwise.ACRI.2015.LimitedWater1101,
2015_ACRI_1102,1102,ARDUcrop,2015,LimitedWater,6,ACRI,34,,,,1in1out,287,Sicot 74BRF,Australia,,Furrow,999.1,29.46,4.35,30.40,364,,3/12/2015,1/03/2016,,,,,,,,,,,\\fsnsw1-mv\COTPHYS\AusBIOTIC database\Definative_cT_Raw\2015\ACRI\2015_LimitedWater,\\Definative_cT_Raw\2015\ACRI\ACRI_2015_16_HourlyWeather.xlsx,LimitedWater,waterwise.ACRI.2015.LimitedWater1102,
2015_ACRI_1103,1103,ARDUcrop,2015,LimitedWater,6,ACRI,35,,,,Solid,287,Sicot 74BRF,Australia,,Furrow,1294.2,28.35,5.02,27.40,364,,3/12/2015,1/03/2016,,,,,,,,,,,\\fsnsw1-mv\COTPHYS\AusBIOTIC database\Definative_cT_Raw\2015\ACRI\2015_LimitedWater,\\Definative_cT_Raw\2015\ACRI\ACRI_2015_16_HourlyWeather.xlsx,LimitedWater,waterwise.ACRI.2015.LimitedWater1103,
2015_ACRI_1104,1104,ARDUcrop,2015,LimitedWater,6,ACRI,36,,,,SingleSkip,287,Sicot 74BRF,Australia,,Furrow,1215.3,28.70,4.16,28.20,364,,3/12/2015,1/03/2016,,,,,,,,,,,\\fsnsw1-mv\COTPHYS\AusBIOTIC database\Definative_cT_Raw\2015\ACRI\2015_LimitedWater,\\Definative_cT_Raw\2015\ACRI\ACRI_2015_16_HourlyWeather.xlsx,LimitedWater,waterwise.ACRI.2015.LimitedWater1104,
2015_ACRI_1105,1105,ARDUcrop,2015,LimitedWater,1,ACRI,5,,,,Solid,287,Sicot 74BRF,Australia,,Furrow,3219.5,29.79,4.98,28.90,364,,3/12/2015,22/12/2015,13/01/2016,27/01/2016,16/02/2016,1/03/2016,11/03/2016,,,,,,\\fsnsw1-mv\COTPHYS\AusBIOTIC database\Definative_cT_Raw\2015\ACRI\2015_LimitedWater,\\Definative_cT_Raw\2015\ACRI\ACRI_2015_16_HourlyWeather.xlsx,LimitedWater,waterwise.ACRI.2015.LimitedWater1105,
2015_ACRI_1106,1106,ARDUcrop,2015,LimitedWater,1,ACRI,6,,,,1in1out,287,Sicot 74BRF,Australia,,Furrow,1920.3,28.83,5.33,28.40,364,,3/12/2015,22/12/2015,13/01/2016,27/01/2016,16/02/2016,1/03/2016,11/03/2016,,,,,,\\fsnsw1-mv\COTPHYS\AusBIOTIC database\Definative_cT_Raw\2015\ACRI\2015_LimitedWater,\\Definative_cT_Raw\2015\ACRI\ACRI_2015_16_HourlyWeather.xlsx,LimitedWater,waterwise.ACRI.2015.LimitedWater1106,
2015_ACRI_1107,1107,ARDUcrop,2015,LimitedWater,2,ACRI,7,,,,1in1out,287,Sicot 74BRF,Australia,,Furrow,1790.6,28.42,5.19,27.80,364,,3/12/2015,13/01/2016,16/02/2016,11/03/2016,,,,,,,,,\\fsnsw1-mv\COTPHYS\AusBIOTIC database\Definative_cT_Raw\2015\ACRI\2015_LimitedWater,\\Definative_cT_Raw\2015\ACRI\ACRI_2015_16_HourlyWeather.xlsx,LimitedWater,waterwise.ACRI.2015.LimitedWater1107,
2015_ACRI_1108,1108,ARDUcrop,2015,LimitedWater,2,ACRI,8,,,,Solid,287,Sicot 74BRF,Australia,,Furrow,2660.3,29.97,4.77,30.40,364,,3/12/2015,13/01/2016,16/02/2016,11/03/2016,,,,,,,,,\\fsnsw1-mv\COTPHYS\AusBIOTIC database\Definative_cT_Raw\2015\ACRI\2015_LimitedWater,\\Definative_cT_Raw\2015\ACRI\ACRI_2015_16_HourlyWeather.xlsx,LimitedWater,waterwise.ACRI.2015.LimitedWater1108,
2015_ACRI_1109,1109,ARDUcrop,2015,LimitedWater,2,ACRI,9,,,,SingleSkip,287,Sicot 74BRF,Australia,,Furrow,2331.4,28.58,4.85,27.80,364,,3/12/2015,13/01/2016,16/02/2016,11/03/2016,,,,,,,,,\\fsnsw1-mv\COTPHYS\AusBIOTIC database\Definative_cT_Raw\2015\ACRI\2015_LimitedWater,\\Definative_cT_Raw\2015\ACRI\ACRI_2015_16_HourlyWeather.xlsx,LimitedWater,waterwise.ACRI.2015.LimitedWater1109,
2015_ACRI_1110,1110,ARDUcrop,2015,LimitedWater,2,ACRI,10,,,,1in1out,287,Sicot 74BRF,Australia,,Furrow,1781.3,28.75,4.86,27.40,364,,3/12/2015,13/01/2016,16/02/2016,11/03/2016,,,,,,,,,\\fsnsw1-mv\COTPHYS\AusBIOTIC database\Definative_cT_Raw\2015\ACRI\2015_LimitedWater,\\Definative_cT_Raw\2015\ACRI\ACRI_2015_16_HourlyWeather.xlsx,LimitedWater,waterwise.ACRI.2015.LimitedWater1110,
2015_ACRI_1111,1111,ARDUcrop,2015,LimitedWater,2,ACRI,11,,,,Solid,287,Sicot 74BRF,Australia,,Furrow,2862.0,28.27,4.94,27.80,364,,3/12/2015,13/01/2016,16/02/2016,11/03/2016,,,,,,,,,\\fsnsw1-mv\COTPHYS\AusBIOTIC database\Definative_cT_Raw\2015\ACRI\2015_LimitedWater,\\Definative_cT_Raw\2015\ACRI\ACRI_2015_16_HourlyWeather.xlsx,LimitedWater,waterwise.ACRI.2015.LimitedWater1111,
2015_ACRI_1112,1112,ARDUcrop,2015,LimitedWater,2,ACRI,12,,,,SingleSkip,287,Sicot 74BRF,Australia,,Furrow,2410.3,27.51,4.94,26.70,364,,3/12/2015,13/01/2016,16/02/2016,11/03/2016,,,,,,,,,\\fsnsw1-mv\COTPHYS\AusBIOTIC database\Definative_cT_Raw\2015\ACRI\2015_LimitedWater,\\Definative_cT_Raw\2015\ACRI\ACRI_2015_16_HourlyWeather.xlsx,LimitedWater,waterwise.ACRI.2015.LimitedWater1112,
2015_ACRI_1113,1113,ARDUcrop,2015,LimitedWater,3,ACRI,13,,,,Solid,287,Sicot 74BRF,Australia,,Furrow,1830.4,30.00,3.79,27.80,364,,3/12/2015,27/01/2016,,,,,,,,,,,\\fsnsw1-mv\COTPHYS\AusBIOTIC database\Definative_cT_Raw\2015\ACRI\2015_LimitedWater,\\Definative_cT_Raw\2015\ACRI\ACRI_2015_16_HourlyWeather.xlsx,LimitedWater,waterwise.ACRI.2015.LimitedWater1113,
2015_ACRI_1114,1114,ARDUcrop,2015,LimitedWater,3,ACRI,14,,,,SingleSkip,287,Sicot 74BRF,Australia,,Furrow,1489.8,29.11,4.14,28.80,364,,3/12/2015,27/01/2016,,,,,,,,,,,\\fsnsw1-mv\COTPHYS\AusBIOTIC database\Definative_cT_Raw\2015\ACRI\2015_LimitedWater,\\Definative_cT_Raw\2015\ACRI\ACRI_2015_16_HourlyWeather.xlsx,LimitedWater,waterwise.ACRI.2015.LimitedWater1114,
2015_ACRI_1115,1115,ARDUcrop,2015,LimitedWater,3,ACRI,15,,,,1in1out,287,Sicot 74BRF,Australia,,Furrow,1497.5,28.93,4.50,28.40,364,,3/12/2015,27/01/2016,,,,,,,,,,,\\fsnsw1-mv\COTPHYS\AusBIOTIC database\Definative_cT_Raw\2015\ACRI\2015_LimitedWater,\\Definative_cT_Raw\2015\ACRI\ACRI_2015_16_HourlyWeather.xlsx,LimitedWater,waterwise.ACRI.2015.LimitedWater1115,
2015_ACRI_1116,1116,ARDUcrop,2015,LimitedWater,3,ACRI,16,,,,1in1out,287,Sicot 74BRF,Australia,,Furrow,1316.9,28.85,4.24,28.40,364,,3/12/2015,27/01/2016,,,,,,,,,,,\\fsnsw1-mv\COTPHYS\AusBIOTIC database\Definative_cT_Raw\2015\ACRI\2015_LimitedWater,\\Definative_cT_Raw\2015\ACRI\ACRI_2015_16_HourlyWeather.xlsx,LimitedWater,waterwise.ACRI.2015.LimitedWater1116,
2015_ACRI_1118,1118,ARDUcrop,2015,LimitedWater,3,ACRI,18,,,,Solid,287,Sicot 74BRF,Australia,,Furrow,2056.7,29.34,4.28,28.00,364,,3/12/2015,27/01/2016,,,,,,,,,,,\\fsnsw1-mv\COTPHYS\AusBIOTIC database\Definative_cT_Raw\2015\ACRI\2015_LimitedWater,\\Definative_cT_Raw\2015\ACRI\ACRI_2015_16_HourlyWeather.xlsx,LimitedWater,waterwise.ACRI.2015.LimitedWater1118,
2015_ACRI_1119,1119,ARDUcrop,2015,LimitedWater,4,ACRI,19,,,,1in1out,287,Sicot 74BRF,Australia,,Furrow,1387.2,29.64,4.06,28.80,364,,3/12/2015,22/12/2015,27/01/2016,,,,,,,,,,\\fsnsw1-mv\COTPHYS\AusBIOTIC database\Definative_cT_Raw\2015\ACRI\2015_LimitedWater,\\Definative_cT_Raw\2015\ACRI\ACRI_2015_16_HourlyWeather.xlsx,LimitedWater,waterwise.ACRI.2015.LimitedWater1119,
2015_ACRI_1120,1120,ARDUcrop,2015,LimitedWater,4,ACRI,20,,,,Solid,287,Sicot 74BRF,Australia,,Furrow,1956.5,29.24,4.15,28.20,364,,3/12/2015,22/12/2015,27/01/2016,,,,,,,,,,\\fsnsw1-mv\COTPHYS\AusBIOTIC database\Definative_cT_Raw\2015\ACRI\2015_LimitedWater,\\Definative_cT_Raw\2015\ACRI\ACRI_2015_16_HourlyWeather.xlsx,LimitedWater,waterwise.ACRI.2015.LimitedWater1120,
2015_ACRI_1121,1121,ARDUcrop,2015,LimitedWater,4,ACRI,21,,,,SingleSkip,287,Sicot 74BRF,Australia,,Furrow,1637.5,27.97,4.14,26.80,364,,3/12/2015,22/12/2015,27/01/2016,,,,,,,,,,\\fsnsw1-mv\COTPHYS\AusBIOTIC database\Definative_cT_Raw\2015\ACRI\2015_LimitedWater,\\Definative_cT_Raw\2015\ACRI\ACRI_2015_16_HourlyWeather.xlsx,LimitedWater,waterwise.ACRI.2015.LimitedWater1121,
2015_ACRI_1122,1122,ARDUcrop,2015,LimitedWater,4,ACRI,22,,,,Solid,287,Sicot 74BRF,Australia,,Furrow,1852.7,29.41,3.91,29.50,364,,3/12/2015,22/12/2015,27/01/2016,,,,,,,,,,\\fsnsw1-mv\COTPHYS\AusBIOTIC database\Definative_cT_Raw\2015\ACRI\2015_LimitedWater,\\Definative_cT_Raw\2015\ACRI\ACRI_2015_16_HourlyWeather.xlsx,LimitedWater,waterwise.ACRI.2015.LimitedWater1122,
2015_ACRI_1123,1123,ARDUcrop,2015,LimitedWater,4,ACRI,23,,,,1in1out,287,Sicot 74BRF,Australia,,Furrow,1455.6,29.29,3.85,29.20,364,,3/12/2015,22/12/2015,27/01/2016,,,,,,,,,,\\fsnsw1-mv\COTPHYS\AusBIOTIC database\Definative_cT_Raw\2015\ACRI\2015_LimitedWater,\\Definative_cT_Raw\2015\ACRI\ACRI_2015_16_HourlyWeather.xlsx,LimitedWater,waterwise.ACRI.2015.LimitedWater1123,
2015_ACRI_1124,1124,ARDUcrop,2015,LimitedWater,4,ACRI,24,,,,SingleSkip,287,Sicot 74BRF,Australia,,Furrow,1684.6,29.13,4.46,28.50,364,,3/12/2015,22/12/2015,27/01/2016,,,,,,,,,,\\fsnsw1-mv\COTPHYS\AusBIOTIC database\Definative_cT_Raw\2015\ACRI\2015_LimitedWater,\\Definative_cT_Raw\2015\ACRI\ACRI_2015_16_HourlyWeather.xlsx,LimitedWater,waterwise.ACRI.2015.LimitedWater1124,
2015_ACRI_1125,1125,ARDUcrop,2015,LimitedWater,5,ACRI,25,,,,1in1out,287,Sicot 74BRF,Australia,,Furrow,1458.8,29.41,4.75,29.10,364,,3/12/2015,16/02/2016,,,,,,,,,,,\\fsnsw1-mv\COTPHYS\AusBIOTIC database\Definative_cT_Raw\2015\ACRI\2015_LimitedWater,\\Definative_cT_Raw\2015\ACRI\ACRI_2015_16_HourlyWeather.xlsx,LimitedWater,waterwise.ACRI.2015.LimitedWater1125,
2015_ACRI_1126,1126,ARDUcrop,2015,LimitedWater,5,ACRI,26,,,,SingleSkip,287,Sicot 74BRF,Australia,,Furrow,2108.1,29.16,5.15,29.00,364,,3/12/2015,16/02/2016,,,,,,,,,,,\\fsnsw1-mv\COTPHYS\AusBIOTIC database\Definative_cT_Raw\2015\ACRI\2015_LimitedWater,\\Definative_cT_Raw\2015\ACRI\ACRI_2015_16_HourlyWeather.xlsx,LimitedWater,waterwise.ACRI.2015.LimitedWater1126,
2015_ACRI_1127,1127,ARDUcrop,2015,LimitedWater,5,ACRI,27,,,,Solid,287,Sicot 74BRF,Australia,,Furrow,2471.8,28.65,4.87,29.40,364,,3/12/2015,16/02/2016,,,,,,,,,,,\\fsnsw1-mv\COTPHYS\AusBIOTIC database\Definative_cT_Raw\2015\ACRI\2015_LimitedWater,\\Definative_cT_Raw\2015\ACRI\ACRI_2015_16_HourlyWeather.xlsx,LimitedWater,waterwise.ACRI.2015.LimitedWater1127,
2015_ACRI_1128,1128,ARDUcrop,2015,LimitedWater,5,ACRI,28,,,,Solid,287,Sicot 74BRF,Australia,,Furrow,2302.0,28.58,4.90,28.30,364,,3/12/2015,16/02/2016,,,,,,,,,,,\\fsnsw1-mv\COTPHYS\AusBIOTIC database\Definative_cT_Raw\2015\ACRI\2015_LimitedWater,\\Definative_cT_Raw\2015\ACRI\ACRI_2015_16_HourlyWeather.xlsx,LimitedWater,waterwise.ACRI.2015.LimitedWater1128,
2015_ACRI_1129,1129,ARDUcrop,2015,LimitedWater,5,ACRI,29,,,,SingleSkip,287,Sicot 74BRF,Australia,,Furrow,2209.9,28.63,5.06,27.20,364,,3/12/2015,16/02/2016,,,,,,,,,,,\\fsnsw1-mv\COTPHYS\AusBIOTIC database\Definative_cT_Raw\2015\ACRI\2015_LimitedWater,\\Definative_cT_Raw\2015\ACRI\ACRI_2015_16_HourlyWeather.xlsx,LimitedWater,waterwise.ACRI.2015.LimitedWater1129,
2015_ACRI_1130,1130,ARDUcrop,2015,LimitedWater,5,ACRI,30,,,,1in1out,287,Sicot 74BRF,Australia,,Furrow,1765.8,29.24,4.74,27.80,364,,3/12/2015,16/02/2016,,,,,,,,,,,\\fsnsw1-mv\COTPHYS\AusBIOTIC database\Definative_cT_Raw\2015\ACRI\2015_LimitedWater,\\Definative_cT_Raw\2015\ACRI\ACRI_2015_16_HourlyWeather.xlsx,LimitedWater,waterwise.ACRI.2015.LimitedWater1130,
2015_ACRI_1131,1131,ARDUcrop,2015,LimitedWater,6,ACRI,31,,,,Solid,287,Sicot 74BRF,Australia,,Furrow,1300.0,28.45,3.99,28.40,364,,3/12/2015,1/03/2016,,,,,,,,,,,\\fsnsw1-mv\COTPHYS\AusBIOTIC database\Definative_cT_Raw\2015\ACRI\2015_LimitedWater,\\Definative_cT_Raw\2015\ACRI\ACRI_2015_16_HourlyWeather.xlsx,LimitedWater,waterwise.ACRI.2015.LimitedWater1131,
2015_ACRI_1132,1132,ARDUcrop,2015,LimitedWater,6,ACRI,32,,,,1in1out,287,Sicot 74BRF,Australia,,Furrow,1212.9,28.37,3.82,27.70,364,,3/12/2015,1/03/2016,,,,,,,,,,,\\fsnsw1-mv\COTPHYS\AusBIOTIC database\Definative_cT_Raw\2015\ACRI\2015_LimitedWater,\\Definative_cT_Raw\2015\ACRI\ACRI_2015_16_HourlyWeather.xlsx,LimitedWater,waterwise.ACRI.2015.LimitedWater1132,
2015_ACRI_2013,2013,ARDUcrop,2015,LimitedWater,1,ACRI,1,,,,SingleSkip,287,Sicot 74BRF,Australia,,Furrow,1879.5,27.79,5.07,27.20,364,,3/12/2015,22/12/2015,13/01/2016,27/01/2016,16/02/2016,1/03/2016,11/03/2016,,,,,,\\fsnsw1-mv\COTPHYS\AusBIOTIC database\Definative_cT_Raw\2015\ACRI\2015_LimitedWater,\\Definative_cT_Raw\2015\ACRI\ACRI_2015_16_HourlyWeather.xlsx,LimitedWater,waterwise.ACRI.2015.LimitedWater2013,
2015_ACRI_2014,2014,ARDUcrop,2015,LimitedWater,1,ACRI,2,,,,1in1out,287,Sicot 74BRF,Australia,,Furrow,1736.7,30.33,4.87,30.00,364,,3/12/2015,22/12/2015,13/01/2016,27/01/2016,16/02/2016,1/03/2016,11/03/2016,,,,,,\\fsnsw1-mv\COTPHYS\AusBIOTIC database\Definative_cT_Raw\2015\ACRI\2015_LimitedWater,\\Definative_cT_Raw\2015\ACRI\ACRI_2015_16_HourlyWeather.xlsx,LimitedWater,waterwise.ACRI.2015.LimitedWater2014,
2015_ACRI_2015,2015,ARDUcrop,2015,LimitedWater,1,ACRI,3,,,,Solid,287,Sicot 74BRF,Australia,,Furrow,3364.1,29.59,5.05,30.20,364,,3/12/2015,22/12/2015,13/01/2016,27/01/2016,16/02/2016,1/03/2016,11/03/2016,,,,,,\\fsnsw1-mv\COTPHYS\AusBIOTIC database\Definative_cT_Raw\2015\ACRI\2015_LimitedWater,\\Definative_cT_Raw\2015\ACRI\ACRI_2015_16_HourlyWeather.xlsx,LimitedWater,waterwise.ACRI.2015.LimitedWater2015,
2015_ACRI_2016,2016,ARDUcrop,2015,LimitedWater,1,ACRI,4,,,,SingleSkip,287,Sicot 74BRF,Australia,,Furrow,2635.2,29.54,5.08,30.90,364,,3/12/2015,22/12/2015,13/01/2016,27/01/2016,16/02/2016,1/03/2016,11/03/2016,,,,,,\\fsnsw1-mv\COTPHYS\AusBIOTIC database\Definative_cT_Raw\2015\ACRI\2015_LimitedWater,\\Definative_cT_Raw\2015\ACRI\ACRI_2015_16_HourlyWeather.xlsx,LimitedWater,waterwise.ACRI.2015.LimitedWater2016,
2015_ACRI_2028,2028,ARDUcrop,2015,LimitedWater,3,ACRI,17,,,,SingleSkip,287,Sicot 74BRF,Australia,,Furrow,1834.7,28.35,4.64,27.00,364,,3/12/2015,27/01/2016,,,,,,,,,,,\\fsnsw1-mv\COTPHYS\AusBIOTIC database\Definative_cT_Raw\2015\ACRI\2015_LimitedWater,\\Definative_cT_Raw\2015\ACRI\ACRI_2015_16_HourlyWeather.xlsx,LimitedWater,waterwise.ACRI.2015.LimitedWater2028,
2015_ACRI_1501,1501,ARDUcrop,2015,Phytech N,240 kgN/ha,ACRI,6-B,,3,2,Solid,288,Sicot 71 BRF,Australia,,Furrow,,,,,,,3/12/2015,22/12/2015,13/01/2016,27/01/2016,16/02/2016,1/03/2016,11/03/2016,,,,,,\\Definative_cT_Raw\2015\ACRI\2015_PhytecN,\\Definative_cT_Raw\2015\ACRI\ACRI_2015_16_HourlyWeather.xlsx,Phytech N,waterwise.ACRI.2015.Phytech N1501,
2015_ACRI_1502,1502,ARDUcrop,2015,Phytech N,160 kgN/ha,ACRI,5-B,,2,2,Solid,288,Sicot 71 BRF,Australia,,Furrow,,,,,,,3/12/2015,22/12/2015,13/01/2016,27/01/2016,16/02/2016,1/03/2016,11/03/2016,,,,,,\\Definative_cT_Raw\2015\ACRI\2015_PhytecN,\\Definative_cT_Raw\2015\ACRI\ACRI_2015_16_HourlyWeather.xlsx,Phytech N,waterwise.ACRI.2015.Phytech N1502,
2015_ACRI_1503,1503,ARDUcrop,2015,Phytech N,80 kgN/ha,ACRI,4-B,,1,2,Solid,288,Sicot 71 BRF,Australia,,Furrow,,,,,,,3/12/2015,22/12/2015,13/01/2016,27/01/2016,16/02/2016,1/03/2016,11/03/2016,,,,,,\\Definative_cT_Raw\2015\ACRI\2015_PhytecN,\\Definative_cT_Raw\2015\ACRI\ACRI_2015_16_HourlyWeather.xlsx,Phytech N,waterwise.ACRI.2015.Phytech N1503,
2015_ACRI_1504,1504,ARDUcrop,2015,Phytech N,160 kgN/ha,ACRI,3-A,,2,1,Solid,288,Sicot 71 BRF,Australia,,Furrow,,,,,,,3/12/2015,22/12/2015,13/01/2016,27/01/2016,16/02/2016,1/03/2016,11/03/2016,,,,,,\\Definative_cT_Raw\2015\ACRI\2015_PhytecN,\\Definative_cT_Raw\2015\ACRI\ACRI_2015_16_HourlyWeather.xlsx,Phytech N,waterwise.ACRI.2015.Phytech N1504,
2015_ACRI_1505,1505,ARDUcrop,2015,Phytech N,240 kgN/ha,ACRI,2-A,,3,1,Solid,288,Sicot 71 BRF,Australia,,Furrow,,,,,,,3/12/2015,22/12/2015,13/01/2016,27/01/2016,16/02/2016,1/03/2016,11/03/2016,,,,,,\\Definative_cT_Raw\2015\ACRI\2015_PhytecN,\\Definative_cT_Raw\2015\ACRI\ACRI_2015_16_HourlyWeather.xlsx,Phytech N,waterwise.ACRI.2015.Phytech N1505,
2015_ACRI_1506,1506,ARDUcrop,2015,Phytech N,80 kgN/ha,ACRI,1-A,,1,1,Solid,288,Sicot 71 BRF,Australia,,Furrow,,,,,,,3/12/2015,22/12/2015,13/01/2016,27/01/2016,16/02/2016,1/03/2016,11/03/2016,,,,,,\\Definative_cT_Raw\2015\ACRI\2015_PhytecN,\\Definative_cT_Raw\2015\ACRI\ACRI_2015_16_HourlyWeather.xlsx,Phytech N,waterwise.ACRI.2015.Phytech N1506,
2015_ACRI_1507,1507,ARDUcrop,2015,Phytech N,240 kgN/ha,ACRI,12-B,,3,4,Solid,288,Sicot 71 BRF,Australia,,Furrow,,,,,,,3/12/2015,22/12/2015,13/01/2016,27/01/2016,16/02/2016,1/03/2016,11/03/2016,,,,,,\\Definative_cT_Raw\2015\ACRI\2015_PhytecN,\\Definative_cT_Raw\2015\ACRI\ACRI_2015_16_HourlyWeather.xlsx,Phytech N,waterwise.ACRI.2015.Phytech N1507,
2015_ACRI_1508,1508,ARDUcrop,2015,Phytech N,160 kgN/ha,ACRI,11-B,,2,4,Solid,288,Sicot 71 BRF,Australia,,Furrow,,,,,,,3/12/2015,22/12/2015,13/01/2016,27/01/2016,16/02/2016,1/03/2016,11/03/2016,,,,,,\\Definative_cT_Raw\2015\ACRI\2015_PhytecN,\\Definative_cT_Raw\2015\ACRI\ACRI_2015_16_HourlyWeather.xlsx,Phytech N,waterwise.ACRI.2015.Phytech N1508,
2015_ACRI_1509,1509,ARDUcrop,2015,Phytech N,80 kgN/ha,ACRI,10-B,,1,4,Solid,288,Sicot 71 BRF,Australia,,Furrow,,,,,,,3/12/2015,22/12/2015,13/01/2016,27/01/2016,16/02/2016,1/03/2016,11/03/2016,,,,,,\\Definative_cT_Raw\2015\ACRI\2015_PhytecN,\\Definative_cT_Raw\2015\ACRI\ACRI_2015_16_HourlyWeather.xlsx,Phytech N,waterwise.ACRI.2015.Phytech N1509,
2015_ACRI_1510,1510,ARDUcrop,2015,Phytech N,240 kgN/ha,ACRI,9-A,,3,3,Solid,288,Sicot 71 BRF,Australia,,Furrow,,,,,,,3/12/2015,22/12/2015,13/01/2016,27/01/2016,16/02/2016,1/03/2016,11/03/2016,,,,,,\\Definative_cT_Raw\2015\ACRI\2015_PhytecN,\\Definative_cT_Raw\2015\ACRI\ACRI_2015_16_HourlyWeather.xlsx,Phytech N,waterwise.ACRI.2015.Phytech N1510,
2015_ACRI_1511,1511,ARDUcrop,2015,Phytech N,80 kgN/ha,ACRI,8-A,,1,3,Solid,288,Sicot 71 BRF,Australia,,Furrow,,,,,,,3/12/2015,22/12/2015,13/01/2016,27/01/2016,16/02/2016,1/03/2016,11/03/2016,,,,,,\\Definative_cT_Raw\2015\ACRI\2015_PhytecN,\\Definative_cT_Raw\2015\ACRI\ACRI_2015_16_HourlyWeather.xlsx,Phytech N,waterwise.ACRI.2015.Phytech N1511,
2015_ACRI_1512,1512,ARDUcrop,2015,Phytech N,160 kgN/ha,ACRI,7-A,,2,3,Solid,288,Sicot 71 BRF,Australia,,Furrow,,,,,,,3/12/2015,22/12/2015,13/01/2016,27/01/2016,16/02/2016,1/03/2016,11/03/2016,,,,,,\\Definative_cT_Raw\2015\ACRI\2015_PhytecN,\\Definative_cT_Raw\2015\ACRI\ACRI_2015_16_HourlyWeather.xlsx,Phytech N,waterwise.ACRI.2015.Phytech N1512,
2015_ACRI_1517,1517,ARDUcrop,2015,Phytech N,240 kgN/ha,ACRI,6-A,,3,2,Solid,288,Sicot 71 BRF,Australia,,Furrow,,,,,,,3/12/2015,22/12/2015,13/01/2016,27/01/2016,16/02/2016,1/03/2016,11/03/2016,,,,,,\\Definative_cT_Raw\2015\ACRI\2015_PhytecN,\\Definative_cT_Raw\2015\ACRI\ACRI_2015_16_HourlyWeather.xlsx,Phytech N,waterwise.ACRI.2015.Phytech N1517,
2015_ACRI_1518,1518,ARDUcrop,2015,Phytech N,160 kgN/ha,ACRI,5-A,,2,2,Solid,288,Sicot 71 BRF,Australia,,Furrow,,,,,,,3/12/2015,22/12/2015,13/01/2016,27/01/2016,16/02/2016,1/03/2016,11/03/2016,,,,,,\\Definative_cT_Raw\2015\ACRI\2015_PhytecN,\\Definative_cT_Raw\2015\ACRI\ACRI_2015_16_HourlyWeather.xlsx,Phytech N,waterwise.ACRI.2015.Phytech N1518,
2015_ACRI_1519,1519,ARDUcrop,2015,Phytech N,80 kgN/ha,ACRI,4-A,,1,2,Solid,288,Sicot 71 BRF,Australia,,Furrow,,,,,,,3/12/2015,22/12/2015,13/01/2016,27/01/2016,16/02/2016,1/03/2016,11/03/2016,,,,,,\\Definative_cT_Raw\2015\ACRI\2015_PhytecN,\\Definative_cT_Raw\2015\ACRI\ACRI_2015_16_HourlyWeather.xlsx,Phytech N,waterwise.ACRI.2015.Phytech N1519,
2015_ACRI_1520,1520,ARDUcrop,2015,Phytech N,160 kgN/ha,ACRI,3-B,,2,1,Solid,288,Sicot 71 BRF,Australia,,Furrow,,,,,,,3/12/2015,22/12/2015,13/01/2016,27/01/2016,16/02/2016,1/03/2016,11/03/2016,,,,,,\\Definative_cT_Raw\2015\ACRI\2015_PhytecN,\\Definative_cT_Raw\2015\ACRI\ACRI_2015_16_HourlyWeather.xlsx,Phytech N,waterwise.ACRI.2015.Phytech N1520,
2015_ACRI_1521,1521,ARDUcrop,2015,Phytech N,240 kgN/ha,ACRI,2-B,,3,1,Solid,288,Sicot 71 BRF,Australia,,Furrow,,,,,,,3/12/2015,22/12/2015,13/01/2016,27/01/2016,16/02/2016,1/03/2016,11/03/2016,,,,,,\\Definative_cT_Raw\2015\ACRI\2015_PhytecN,\\Definative_cT_Raw\2015\ACRI\ACRI_2015_16_HourlyWeather.xlsx,Phytech N,waterwise.ACRI.2015.Phytech N1521,
2015_ACRI_1522,1522,ARDUcrop,2015,Phytech N,80 kgN/ha,ACRI,1-B,,1,1,Solid,288,Sicot 71 BRF,Australia,,Furrow,,,,,,,3/12/2015,22/12/2015,13/01/2016,27/01/2016,16/02/2016,1/03/2016,11/03/2016,,,,,,\\Definative_cT_Raw\2015\ACRI\2015_PhytecN,\\Definative_cT_Raw\2015\ACRI\ACRI_2015_16_HourlyWeather.xlsx,Phytech N,waterwise.ACRI.2015.Phytech N1522,
2015_ACRI_1523,1523,ARDUcrop,2015,Phytech N,240 kgN/ha,ACRI,12-A,,3,4,Solid,288,Sicot 71 BRF,Australia,,Furrow,,,,,,,3/12/2015,22/12/2015,13/01/2016,27/01/2016,16/02/2016,1/03/2016,11/03/2016,,,,,,\\Definative_cT_Raw\2015\ACRI\2015_PhytecN,\\Definative_cT_Raw\2015\ACRI\ACRI_2015_16_HourlyWeather.xlsx,Phytech N,waterwise.ACRI.2015.Phytech N1523,
2015_ACRI_1524,1524,ARDUcrop,2015,Phytech N,160 kgN/ha,ACRI,11-A,,2,4,Solid,288,Sicot 71 BRF,Australia,,Furrow,,,,,,,3/12/2015,22/12/2015,13/01/2016,27/01/2016,16/02/2016,1/03/2016,11/03/2016,,,,,,\\Definative_cT_Raw\2015\ACRI\2015_PhytecN,\\Definative_cT_Raw\2015\ACRI\ACRI_2015_16_HourlyWeather.xlsx,Phytech N,waterwise.ACRI.2015.Phytech N1524,
2015_ACRI_1525,1525,ARDUcrop,2015,Phytech N,80 kgN/ha,ACRI,10-A,,1,4,Solid,288,Sicot 71 BRF,Australia,,Furrow,,,,,,,3/12/2015,22/12/2015,13/01/2016,27/01/2016,16/02/2016,1/03/2016,11/03/2016,,,,,,\\Definative_cT_Raw\2015\ACRI\2015_PhytecN,\\Definative_cT_Raw\2015\ACRI\ACRI_2015_16_HourlyWeather.xlsx,Phytech N,waterwise.ACRI.2015.Phytech N1525,
2015_ACRI_1526,1526,ARDUcrop,2015,Phytech N,240 kgN/ha,ACRI,9-B,,3,3,Solid,288,Sicot 71 BRF,Australia,,Furrow,,,,,,,3/12/2015,22/12/2015,13/01/2016,27/01/2016,16/02/2016,1/03/2016,11/03/2016,,,,,,\\Definative_cT_Raw\2015\ACRI\2015_PhytecN,\\Definative_cT_Raw\2015\ACRI\ACRI_2015_16_HourlyWeather.xlsx,Phytech N,waterwise.ACRI.2015.Phytech N1526,
2015_ACRI_1527,1527,ARDUcrop,2015,Phytech N,80 kgN/ha,ACRI,8-B,,1,3,Solid,288,Sicot 71 BRF,Australia,,Furrow,,,,,,,3/12/2015,22/12/2015,13/01/2016,27/01/2016,16/02/2016,1/03/2016,11/03/2016,,,,,,\\Definative_cT_Raw\2015\ACRI\2015_PhytecN,\\Definative_cT_Raw\2015\ACRI\ACRI_2015_16_HourlyWeather.xlsx,Phytech N,waterwise.ACRI.2015.Phytech N1527,
2015_ACRI_1528,1528,ARDUcrop,2015,Phytech N,160 kgN/ha,ACRI,7-B,,2,3,Solid,288,Sicot 71 BRF,Australia,,Furrow,,,,,,,3/12/2015,22/12/2015,13/01/2016,27/01/2016,16/02/2016,1/03/2016,11/03/2016,,,,,,\\Definative_cT_Raw\2015\ACRI\2015_PhytecN,\\Definative_cT_Raw\2015\ACRI\ACRI_2015_16_HourlyWeather.xlsx,Phytech N,waterwise.ACRI.2015.Phytech N1528,
2015_ACRI_1319,1319,ARDUcrop,2015,PreWater,PreWater,ACRI,7,,,,Solid,287,Sicot 74BRF,Australia,,Furrow,3386.5,29.65,4.85,28.34,355,,7/10/2015,1/12/2015,21/12/2015,14/01/2016,25/01/2016,17/02/2016,26/02/2016,7/03/2016,,,,,\\Definative_cT_Raw\2015\ACRI\2015_Prewater,\\Definative_cT_Raw\2015\ACRI\ACRI_2015_16_HourlyWeather.xlsx,PreWater,waterwise.ACRI.2015.PreWater1319,
2015_ACRI_1301,1301,ARDUcrop,2015,TcPrediction,Tc_Average,ACRI,1A,,,,Solid,288,Sicot 74BRF,Australia,,Furrow,2894.6,29.54,4.79,28.58,360,,16/10/2015,1/12/2015,21/12/2015,14/01/2016,25/01/2016,17/02/2016,29/02/2016,7/03/2016,,,,,\\Definative_cT_Raw\2015\ACRI\2015_TcPrediction,\\Definative_cT_Raw\2015\ACRI\ACRI_2015_16_HourlyWeather.xlsx,TcPrediction,waterwise.ACRI.2015.TcPrediction1301,
2015_ACRI_1302,1302,ARDUcrop,2015,TcPrediction,Tc_Average,ACRI,1B,,,,Solid,288,Sicot 74BRF,Australia,,Furrow,2894.6,29.54,4.79,28.58,360,,16/10/2015,1/12/2015,21/12/2015,14/01/2016,25/01/2016,17/02/2016,29/02/2016,7/03/2016,,,,,\\Definative_cT_Raw\2015\ACRI\2015_TcPrediction,\\Definative_cT_Raw\2015\ACRI\ACRI_2015_16_HourlyWeather.xlsx,TcPrediction,waterwise.ACRI.2015.TcPrediction1302,
2015_ACRI_1303,1303,ARDUcrop,2015,TcPrediction,Tc_Forecast,ACRI,2A,,,,Solid,288,Sicot 74BRF,Australia,,Furrow,2960.4,29.82,4.98,28.42,360,,16/10/2015,1/12/2015,21/12/2015,14/01/2016,27/01/2016,17/02/2016,26/02/2016,7/03/2016,,,,,\\Definative_cT_Raw\2015\ACRI\2015_TcPrediction,\\Definative_cT_Raw\2015\ACRI\ACRI_2015_16_HourlyWeather.xlsx,TcPrediction,waterwise.ACRI.2015.TcPrediction1303,
2015_ACRI_1304,1304,ARDUcrop,2015,TcPrediction,Tc_Forecast,ACRI,2B,,,,Solid,288,Sicot 74BRF,Australia,,Furrow,2960.4,29.82,4.98,28.42,360,,16/10/2015,1/12/2015,21/12/2015,14/01/2016,27/01/2016,17/02/2016,26/02/2016,7/03/2016,,,,,\\Definative_cT_Raw\2015\ACRI\2015_TcPrediction,\\Definative_cT_Raw\2015\ACRI\ACRI_2015_16_HourlyWeather.xlsx,TcPrediction,waterwise.ACRI.2015.TcPrediction1304,
2015_ACRI_1305,1305,ARDUcrop,2015,TcPrediction,Tc_Forecast,ACRI,3A,,,,Solid,288,Sicot 74BRF,Australia,,Furrow,2955.1,29.34,4.96,28.26,360,,16/10/2015,1/12/2015,21/12/2015,14/01/2016,27/01/2016,17/02/2016,26/02/2016,7/03/2016,,,,,\\Definative_cT_Raw\2015\ACRI\2015_TcPrediction,\\Definative_cT_Raw\2015\ACRI\ACRI_2015_16_HourlyWeather.xlsx,TcPrediction,waterwise.ACRI.2015.TcPrediction1305,
2015_ACRI_1306,1306,ARDUcrop,2015,TcPrediction,Tc_Forecast,ACRI,3B,,,,Solid,288,Sicot 74BRF,Australia,,Furrow,2955.1,29.34,4.96,28.26,360,,16/10/2015,1/12/2015,21/12/2015,14/01/2016,27/01/2016,17/02/2016,26/02/2016,7/03/2016,,,,,\\Definative_cT_Raw\2015\ACRI\2015_TcPrediction,\\Definative_cT_Raw\2015\ACRI\ACRI_2015_16_HourlyWeather.xlsx,TcPrediction,waterwise.ACRI.2015.TcPrediction1306,
2015_ACRI_1308,1308,ARDUcrop,2015,TcPrediction,Tc_Average,ACRI,4B,,,,Solid,288,Sicot 74BRF,Australia,,Furrow,2876.9,29.46,4.60,27.38,360,,16/10/2015,1/12/2015,21/12/2015,14/01/2016,25/01/2016,17/02/2016,29/02/2016,7/03/2016,,,,,\\Definative_cT_Raw\2015\ACRI\2015_TcPrediction,\\Definative_cT_Raw\2015\ACRI\ACRI_2015_16_HourlyWeather.xlsx,TcPrediction,waterwise.ACRI.2015.TcPrediction1308,
2015_ACRI_1309,1309,ARDUcrop,2015,TcPrediction,Tc_Forecast,ACRI,5A,,,,Solid,288,Sicot 74BRF,Australia,,Furrow,2972.0,29.29,4.88,27.90,360,,16/10/2015,1/12/2015,21/12/2015,14/01/2016,27/01/2016,17/02/2016,26/02/2016,7/03/2016,,,,,\\Definative_cT_Raw\2015\ACRI\2015_TcPrediction,\\Definative_cT_Raw\2015\ACRI\ACRI_2015_16_HourlyWeather.xlsx,TcPrediction,waterwise.ACRI.2015.TcPrediction1309,
2015_ACRI_1310,1310,ARDUcrop,2015,TcPrediction,Tc_Forecast,ACRI,5B,,,,Solid,288,Sicot 74BRF,Australia,,Furrow,2972.0,29.29,4.88,27.90,360,,16/10/2015,1/12/2015,21/12/2015,14/01/2016,27/01/2016,17/02/2016,26/02/2016,7/03/2016,,,,,\\Definative_cT_Raw\2015\ACRI\2015_TcPrediction,\\Definative_cT_Raw\2015\ACRI\ACRI_2015_16_HourlyWeather.xlsx,TcPrediction,waterwise.ACRI.2015.TcPrediction1310,
2015_ACRI_1311,1311,ARDUcrop,2015,TcPrediction,Tc_Average,ACRI,6A,,,,Solid,288,Sicot 74BRF,Australia,,Furrow,2602.5,29.29,4.70,28.42,360,,16/10/2015,1/12/2015,21/12/2015,14/01/2016,25/01/2016,17/02/2016,29/02/2016,7/03/2016,,,,,\\Definative_cT_Raw\2015\ACRI\2015_TcPrediction,\\Definative_cT_Raw\2015\ACRI\ACRI_2015_16_HourlyWeather.xlsx,TcPrediction,waterwise.ACRI.2015.TcPrediction1311,
2015_ACRI_1307_1323,1307_1323,ARDUcrop,2015,TcPrediction,Tc_Average,ACRI,4A,,,,Solid,288,Sicot 74BRF,Australia,,Furrow,2876.9,29.46,4.60,27.38,360,,16/10/2015,1/12/2015,21/12/2015,14/01/2016,25/01/2016,17/02/2016,29/02/2016,7/03/2016,,,,,\\Definative_cT_Raw\2015\ACRI\2015_TcPrediction,\\Definative_cT_Raw\2015\ACRI\ACRI_2015_16_HourlyWeather.xlsx,TcPrediction,waterwise.ACRI.2015.TcPrediction1307_1323,
2015_ACRI_1312_1320,1312_1320,ARDUcrop,2015,TcPrediction,Tc_Average,ACRI,6B,,,,Solid,288,Sicot 74BRF,Australia,,Furrow,2602.5,29.29,4.70,28.42,360,,16/10/2015,1/12/2015,21/12/2015,14/01/2016,25/01/2016,17/02/2016,29/02/2016,7/03/2016,,,,,\\Definative_cT_Raw\2015\ACRI\2015_TcPrediction,\\Definative_cT_Raw\2015\ACRI\ACRI_2015_16_HourlyWeather.xlsx,TcPrediction,waterwise.ACRI.2015.TcPrediction1312_1320,
2015_Emerald_160,160,ARDUcrop,2015,Scheduling,BIOTIC3,Emerald,,,,,Solid,,,Australia,,Furrow,2577.8,30.46,4.81,29.39,,,11/11/2015,23/11/2015,7/12/2015,17/12/2015,24/12/2015,12/01/2016,,,,,,,\\Definative_cT_Raw\2015\Emerald\Scheduling,\\Definative_cT_Raw\Weather_by_Locality\Emerald _15min2015_2016.csv,Scheduling,waterwise.Emerald.2015.Scheduling160,
2015_Emerald_162,162,ARDUcrop,2015,Scheduling,Deficit2,Emerald,,,,,Solid,,,Australia,,Furrow,2516.7,31.00,4.81,29.11,,,11/11/2015,22/11/2015,30/11/2015,11/12/2015,17/12/2015,24/12/2015,12/01/2016,,,,,,\\Definative_cT_Raw\2015\Emerald\Scheduling,\\Definative_cT_Raw\Weather_by_Locality\Emerald _15min2015_2016.csv,Scheduling,waterwise.Emerald.2015.Scheduling162,
2015_Emerald_167,167,ARDUcrop,2015,Scheduling,Dynamic1,Emerald,,,,,Solid,,,Australia,,Furrow,2577.1,30.75,4.81,28.88,,,11/11/2015,22/11/2015,30/11/2015,11/12/2015,18/12/2015,24/12/2015,13/01/2016,,,,,,\\Definative_cT_Raw\2015\Emerald\Scheduling,\\Definative_cT_Raw\Weather_by_Locality\Emerald _15min2015_2016.csv,Scheduling,waterwise.Emerald.2015.Scheduling167,
2015_Emerald_170,170,ARDUcrop,2015,Scheduling,Control1,Emerald,,,,,Solid,,,Australia,,Furrow,2585.4,30.75,4.81,29.51,,,11/11/2015,22/11/2015,30/11/2015,11/12/2015,18/12/2015,24/12/2015,13/01/2016,,,,,,\\Definative_cT_Raw\2015\Emerald\Scheduling,\\Definative_cT_Raw\Weather_by_Locality\Emerald _15min2015_2016.csv,Scheduling,waterwise.Emerald.2015.Scheduling170,
2015_Emerald_176,176,ARDUcrop,2015,Scheduling,BIOTIC2,Emerald,,,,,Solid,,,Australia,,Furrow,2422.2,30.73,4.90,29.59,,,11/11/2015,23/11/2015,7/12/2015,17/12/2015,24/12/2015,12/01/2016,,,,,,,\\Definative_cT_Raw\2015\Emerald\Scheduling,\\Definative_cT_Raw\Weather_by_Locality\Emerald _15min2015_2016.csv,Scheduling,waterwise.Emerald.2015.Scheduling176,
2015_Emerald_192,192,ARDUcrop,2015,Scheduling,Control2,Emerald,,,,,Solid,,,Australia,,Furrow,2511.8,30.75,4.80,28.89,,,11/11/2015,22/11/2015,30/11/2015,11/12/2015,18/12/2015,24/12/2015,13/01/2016,,,,,,\\Definative_cT_Raw\2015\Emerald\Scheduling,\\Definative_cT_Raw\Weather_by_Locality\Emerald _15min2015_2016.csv,Scheduling,waterwise.Emerald.2015.Scheduling192,
2015_Emerald_202,202,ARDUcrop,2015,Scheduling,Dynamic2,Emerald,,,,,Solid,,,Australia,,Furrow,2473.6,31.00,4.89,28.91,,,11/11/2015,22/11/2015,30/11/2015,11/12/2015,18/12/2015,24/12/2015,13/01/2016,,,,,,\\Definative_cT_Raw\2015\Emerald\Scheduling,\\Definative_cT_Raw\Weather_by_Locality\Emerald _15min2015_2016.csv,Scheduling,waterwise.Emerald.2015.Scheduling202,
2015_Emerald_234,234,ARDUcrop,2015,Scheduling,BIOTIC1,Emerald,,,,,Solid,,,Australia,,Furrow,2528.5,31.21,4.89,29.30,,,11/11/2015,23/11/2015,7/12/2015,17/12/2015,24/12/2015,12/01/2016,,,,,,,\\Definative_cT_Raw\2015\Emerald\Scheduling,\\Definative_cT_Raw\Weather_by_Locality\Emerald _15min2015_2016.csv,Scheduling,waterwise.Emerald.2015.Scheduling234,
2015_ACRI_2017,2017,ARDUcrop,2015,TimeOfSowing,Sowing 1,ACRI,1,,,,Solid,289,74BRF,Australia,,Fully Irrigated,2525.15,29.870,5.0,29.0,*,154,16/10/2015,3/12/2015,22/12/2015,13/01/2016,27/01/2016,16/02/2016,1/03/2016,11/03/2016,,,,,\\Definative_cT_Raw\2015\ACRI\2015_TimeOfSowing,\\Definative_cT_Raw\Weather_by_Locality\ACRI_Hourly2001_2017.xlsx,TimeOfSowing,waterwise.ACRI.2015.TimeOfSowing2017,
2015_ACRI_2018,2018,ARDUcrop,2015,TimeOfSowing,Sowing 3,ACRI,2,,,,Solid,342,74BRF,Australia,,Fully Irrigated,2180.43,30.480,4.7,28.7,*,*,16/10/2015,3/12/2015,22/12/2015,13/01/2016,27/01/2016,16/02/2016,1/03/2016,11/03/2016,,,,,\\Definative_cT_Raw\2015\ACRI\2015_TimeOfSowing,\\Definative_cT_Raw\Weather_by_Locality\ACRI_Hourly2001_2017.xlsx,TimeOfSowing,waterwise.ACRI.2015.TimeOfSowing2018,
2015_ACRI_2019,2019,ARDUcrop,2015,TimeOfSowing,Sowing 2,ACRI,3,,,,Solid,316,74BRF,Australia,,Fully Irrigated,2605.65,28.092,5.3,27.4,*,148,16/10/2015,3/12/2015,22/12/2015,13/01/2016,27/01/2016,16/02/2016,1/03/2016,11/03/2016,,,,,\\Definative_cT_Raw\2015\ACRI\2015_TimeOfSowing,\\Definative_cT_Raw\Weather_by_Locality\ACRI_Hourly2001_2017.xlsx,TimeOfSowing,waterwise.ACRI.2015.TimeOfSowing2019,
2015_ACRI_2020,2020,ARDUcrop,2015,TimeOfSowing,Sowing 1,ACRI,4,,,,Solid,289,74BRF,Australia,,Fully Irrigated,3264.59,29.566,4.5,28.8,364,158,16/10/2015,3/12/2015,22/12/2015,13/01/2016,27/01/2016,16/02/2016,1/03/2016,11/03/2016,,,,,\\Definative_cT_Raw\2015\ACRI\2015_TimeOfSowing,\\Definative_cT_Raw\Weather_by_Locality\ACRI_Hourly2001_2017.xlsx,TimeOfSowing,waterwise.ACRI.2015.TimeOfSowing2020,
2015_ACRI_2021,2021,ARDUcrop,2015,TimeOfSowing,Sowing 3,ACRI,5,,,,Solid,342,74BRF,Australia,,Fully Irrigated,2405.88,29.769,4.7,27.8,44,*,16/10/2015,3/12/2015,22/12/2015,13/01/2016,27/01/2016,16/02/2016,1/03/2016,11/03/2016,,,,,\\Definative_cT_Raw\2015\ACRI\2015_TimeOfSowing,\\Definative_cT_Raw\Weather_by_Locality\ACRI_Hourly2001_2017.xlsx,TimeOfSowing,waterwise.ACRI.2015.TimeOfSowing2021,
2015_ACRI_2023,2023,ARDUcrop,2015,TimeOfSowing,Sowing 3,ACRI,7,,,,Solid,342,74BRF,Australia,,Fully Irrigated,2280.38,31.394,4.5,29.0,44,*,16/10/2015,3/12/2015,22/12/2015,13/01/2016,27/01/2016,16/02/2016,1/03/2016,11/03/2016,,,,,\\Definative_cT_Raw\2015\ACRI\2015_TimeOfSowing,\\Definative_cT_Raw\Weather_by_Locality\ACRI_Hourly2001_2017.xlsx,TimeOfSowing,waterwise.ACRI.2015.TimeOfSowing2023,
2015_ACRI_2024,2024,ARDUcrop,2015,TimeOfSowing,Sowing 1,ACRI,8,,,,Solid,289,74BRF,Australia,,Fully Irrigated,3415.76,29.591,4.9,26.7,364,152,16/10/2015,3/12/2015,22/12/2015,13/01/2016,27/01/2016,16/02/2016,1/03/2016,11/03/2016,,,,,\\Definative_cT_Raw\2015\ACRI\2015_TimeOfSowing,\\Definative_cT_Raw\Weather_by_Locality\ACRI_Hourly2001_2017.xlsx,TimeOfSowing,waterwise.ACRI.2015.TimeOfSowing2024,
2015_ACRI_2025,2025,ARDUcrop,2015,TimeOfSowing,Sowing 2,ACRI,9,,,,Solid,316,74BRF,Australia,,Fully Irrigated,2655.25,29.210,5.0,26.9,23,144,16/10/2015,3/12/2015,22/12/2015,13/01/2016,27/01/2016,16/02/2016,1/03/2016,11/03/2016,,,,,\\Definative_cT_Raw\2015\ACRI\2015_TimeOfSowing,\\Definative_cT_Raw\Weather_by_Locality\ACRI_Hourly2001_2017.xlsx,TimeOfSowing,waterwise.ACRI.2015.TimeOfSowing2025,
2015_ACRI_2026,2026,ARDUcrop,2015,TimeOfSowing,Sowing 1,ACRI,10,,,,Solid,289,74BRF,Australia,,Fully Irrigated,2395.87,29.464,5.0,27.4,362,156,16/10/2015,3/12/2015,22/12/2015,13/01/2016,27/01/2016,16/02/2016,1/03/2016,11/03/2016,,,,,\\Definative_cT_Raw\2015\ACRI\2015_TimeOfSowing,\\Definative_cT_Raw\Weather_by_Locality\ACRI_Hourly2001_2017.xlsx,TimeOfSowing,waterwise.ACRI.2015.TimeOfSowing2026,
2015_ACRI_2027,2027,ARDUcrop,2015,TimeOfSowing,Sowing 2,ACRI,11,,,,Solid,316,74BRF,Australia,,Fully Irrigated,2725.26,30.302,4.8,29.0,23,147,16/10/2015,3/12/2015,22/12/2015,13/01/2016,27/01/2016,16/02/2016,1/03/2016,11/03/2016,,,,,\\Definative_cT_Raw\2015\ACRI\2015_TimeOfSowing,\\Definative_cT_Raw\Weather_by_Locality\ACRI_Hourly2001_2017.xlsx,TimeOfSowing,waterwise.ACRI.2015.TimeOfSowing2027,
2015_ACRI_2028_1529,2028_1529,ARDUcrop,2015,TimeOfSowing,Sowing 3,ACRI,12,,,,Solid,342,74BRF,Australia,,Fully Irrigated,2233.04,29.769,4.7,29.4,43,*,16/10/2015,3/12/2015,22/12/2015,13/01/2016,27/01/2016,16/02/2016,1/03/2016,11/03/2016,,,,,\\Definative_cT_Raw\2015\ACRI\2015_TimeOfSowing,\\Definative_cT_Raw\Weather_by_Locality\ACRI_Hourly2001_2017.xlsx,TimeOfSowing,waterwise.ACRI.2015.TimeOfSowing2028_1529,
2015_ACRI_1513,1513,ARDUcrop,2015,Anti-ethylene,Control,ACRI,14,,,,Solid,289,74BRF,Australia,,Fully Irrigated,3101.000,29.616,4.7,28.8,*,,16/10/2015,3/12/2015,22/12/2015,13/01/2016,27/01/2016,16/02/2016,1/03/2016,11/03/2016,,,,,\\Definative_cT_Raw\2015\ACRI\2015_Anti-ethylene,\\Definative_cT_Raw\Weather_by_Locality\ACRI_Hourly2001_2017.xlsx,,waterwise.ACRI.2015.Anti-ethylene1513,
2015_ACRI_1514,1514,ARDUcrop,2015,Anti-ethylene,Water stressed,ACRI,18,,,,Solid,289,74BRF,Australia,,Miss 1 Irrig at Flwring,3608.904,29.845,5.0,29.4,*,,16/10/2015,3/12/2015,22/12/2015,1/03/2016,11/03/2016,,,,,,,,\\Definative_cT_Raw\2015\ACRI\2015_Anti-ethylene,\\Definative_cT_Raw\Weather_by_Locality\ACRI_Hourly2001_2017.xlsx,,waterwise.ACRI.2015.Anti-ethylene1514,
2015_ACRI_1515,1515,ARDUcrop,2015,Anti-ethylene,Control,ACRI,19,,,,Solid,289,74BRF,Australia,,Fully Irrigated,3354.645,29.185,5.2,27.7,*,,16/10/2015,3/12/2015,22/12/2015,13/01/2016,27/01/2016,16/02/2016,1/03/2016,11/03/2016,,,,,\\Definative_cT_Raw\2015\ACRI\2015_Anti-ethylene,\\Definative_cT_Raw\Weather_by_Locality\ACRI_Hourly2001_2017.xlsx,,waterwise.ACRI.2015.Anti-ethylene1515,
2015_ACRI_1516,1516,ARDUcrop,2015,Anti-ethylene,Water stressed,ACRI,27,,,,Solid,289,74BRF,Australia,,Miss 1 Irrig at Flwring,3352.734,30.683,5.0,30.0,*,,16/10/2015,3/12/2015,22/12/2015,1/03/2016,11/03/2016,,,,,,,,\\Definative_cT_Raw\2015\ACRI\2015_Anti-ethylene,\\Definative_cT_Raw\Weather_by_Locality\ACRI_Hourly2001_2017.xlsx,,waterwise.ACRI.2015.Anti-ethylene1516,
2015_ACRI_2009,2009,ARDUcrop,2015,Dryland,Solid config.,ACRI,3,,,,Solid,289,74BRF,Australia,,Dryland,1026.103,26.441,4.8,24.1,*,,16/10/2015,3/12/2015,,,,,,,,,,,\\Definative_cT_Raw\2015\ACRI\2015_Dryland,\\Definative_cT_Raw\Weather_by_Locality\ACRI_Hourly2001_2017.xlsx,Dryland,waterwise.ACRI.2015.Dryland2009,
2015_ACRI_2010,2010,ARDUcrop,2015,Dryland,Single config,ACRI,8,,,,Single,289,74BRF,Australia,,Dryland,1454.565,27.762,4.3,25.0,*,,16/10/2015,3/12/2015,,,,,,,,,,,\\Definative_cT_Raw\2015\ACRI\2015_Dryland,\\Definative_cT_Raw\Weather_by_Locality\ACRI_Hourly2001_2017.xlsx,Dryland,waterwise.ACRI.2015.Dryland2010,
2015_ACRI_2011,2011,ARDUcrop,2015,Dryland,1 in 1 out,ACRI,10,,,,1in1out,289,74BRF,Australia,,Dryland,1289.52,29.286,4.3,26.4,*,,16/10/2015,3/12/2015,,,,,,,,,,,\\Definative_cT_Raw\2015\ACRI\2015_Dryland,\\Definative_cT_Raw\Weather_by_Locality\ACRI_Hourly2001_2017.xlsx,Dryland,waterwise.ACRI.2015.Dryland2011,
